<?xml version="1.0"?>
<!DOCTYPE package-info SYSTEM "http://www.simplemachines.org/xml/package-info">
<package-info xmlns="http://www.simplemachines.org/xml/package-info" xmlns:smf="http://www.simplemachines.org/">
	<id>Bugo:Tracy</id>
	<name>SMF Tracy Debugger</name>
	<version>0.1</version>
	<type>modification</type>

	<install for="2.1.*">
		<require-dir name="Themes" destination="$boarddir" />
		<require-dir name="Sources" destination="$boarddir" />
		<hook hook="integrate_pre_include" function="$sourcedir/Tracy/app.php" />
		<redirect url="?action=admin;area=modsettings;sa=tracy_debugger" timeout="1000" />
	</install>

	<uninstall for="2.1.*">
		<hook hook="integrate_pre_include" function="$sourcedir/Tracy/app.php" reverse="true" />
		<remove-dir name="$sourcedir/Tracy" />
		<remove-dir name="$languagedir/Tracy" />
		<redirect url="?action=admin;area=packages;sa=browse" timeout="1000" />
	</uninstall>

</package-info>